i,acc1,acc5,rate,cmp_mean,cmp_std
0,0.564,0.7844,21.95683708861515,6858.0916,1854.4714544067374
4,0.5592,0.788,21.057084609424933,7151.1324,1912.4294755285068
363,0.5648,0.79,19.63543923077878,7668.8888,1992.2690592474098
