qname,mpsnr,acc1,acc5,rate,cmp_mean,cmp_std
rate_where.txt,0.5776,0.802,13.142263982107908,34.98613175459043,11457.8432,2780.618677527316
bestq.txt,0.5776,0.802,13.142263982107908,34.98613175459043,11457.8432,2780.618677527316
pareto_b2.txt,0.5428,0.7672,26.00227797513015,32.87700078072654,5791.108,1973.1051709262738
pareto_a1.txt,0.5312,0.7708,26.390983341828765,32.60396329828205,5705.8124,2043.41281810755
pareto_c2.txt,0.5432,0.7744,25.773374092766346,33.013302040568064,5842.5412,1925.5239084214354
kbga.txt,0.568,0.7868,20.797783426046923,33.66377914173856,7240.2908,2352.513049110538
