ind,acc1,acc5,rate,quality
45,0.3789,0.65,22.989132916475977,45
50,0.3784,0.6567,21.693871839211504,50
55,0.3886,0.6634,20.498569277947965,55
