ind,acc1,acc5,rate,quality
30,0.3057,0.5817,28.80323791684544,30
35,0.3171,0.5887,26.381785015730575,35
