ind,acc1,acc5,rate,qname
10,0.7361,0.9152,25.811708200024018,/data/zh272/flickrImageNetV2/bo_chace/qtables5/qtable10.txt
17,0.7092,0.9033,47.662399966003186,/data/zh272/flickrImageNetV2/bo_chace/qtables5/qtable17.txt
18,0.7297,0.9114,31.65646665883569,/data/zh272/flickrImageNetV2/bo_chace/qtables5/qtable18.txt
36,0.03664223850766156,0.05063291139240506,30.63612407419447,/data/zh272/flickrImageNetV2/bo_chace/qtables5/qtable36.txt
43,0.08081716561737119,0.10664268277014005,29.296930351142404,/data/zh272/flickrImageNetV2/bo_chace/qtables5/qtable43.txt
93,0.16130371600581275,0.2040689225659124,28.005016043410503,/data/zh272/flickrImageNetV2/bo_chace/qtables5/qtable93.txt
