acc1,acc5,rate,fit,qname,part
0.5372,0.7644,30.348692230808958,0.004964178706540978,/mnt/tmpfs/bo_cache/qtables/qtable0.txt,2
0.5372,0.7644,30.348692230808958,0.004964178706540978,/mnt/tmpfs/bo_cache/qtables/qtable0.txt,2
0.5696,0.7912,30.923005181440782,0.04065985700170616,/mnt/tmpfs/bo_cache/qtables/qtable0.txt,3
0.5464,0.7796,30.82266338040058,0.016881000968087756,/mnt/tmpfs/bo_cache/qtables/qtable0.txt,4
