i,acc1,acc5,rate,cmp_mean,cmp_std
0,0.5584,0.7864,22.107518218126575,6811.348,1847.057633669291
2,0.5604,0.7884,21.958741562956327,6857.4968,1861.127322347872
