i,acc1,acc5,rate,cmp_mean,cmp_std
0,0.5412,0.772,27.92645643679024,5392.0912,1652.6495976106248
1,0.5828,0.7984,18.95964622963647,7942.2368,2568.629071377524
2,0.48,0.7092,38.50361072031838,3910.854,1154.3037107641992
